parameter_no,no1,no2,no3,no4,no5,no6,no7,no8,no9,no10,no11,no12,no13,no14,no15,no16,no17,no18,no19,no20
0,1,6,4,2,5,-,-,-,-,-,-,-,-,-,-,-,-,-,-,-
1,1,2,5,-,-,-,-,-,-,-,-,-,-,-,-,-,-,-,-,-
2,2,5,-,-,-,-,-,-,-,-,-,-,-,-,-,-,-,-,-,-
3,2,-,-,-,-,-,-,-,-,-,-,-,-,-,-,-,-,-,-,-
4,1,2,5,-,-,-,-,-,-,-,-,-,-,-,-,-,-,-,-,-
5,2,5,-,-,-,-,-,-,-,-,-,-,-,-,-,-,-,-,-,-
6,5,-,-,-,-,-,-,-,-,-,-,-,-,-,-,-,-,-,-,-
7,2,5,-,-,-,-,-,-,-,-,-,-,-,-,-,-,-,-,-,-
8,2,5,-,-,-,-,-,-,-,-,-,-,-,-,-,-,-,-,-,-
9,2,5,-,-,-,-,-,-,-,-,-,-,-,-,-,-,-,-,-,-
10,2,5,-,-,-,-,-,-,-,-,-,-,-,-,-,-,-,-,-,-
11,1,2,5,-,-,-,-,-,-,-,-,-,-,-,-,-,-,-,-,-
12,1,2,5,-,-,-,-,-,-,-,-,-,-,-,-,-,-,-,-,-
13,1,6,4,2,5,-,-,-,-,-,-,-,-,-,-,-,-,-,-,-
14,1,4,2,5,-,-,-,-,-,-,-,-,-,-,-,-,-,-,-,-
15,2,5,-,-,-,-,-,-,-,-,-,-,-,-,-,-,-,-,-,-
16,2,5,-,-,-,-,-,-,-,-,-,-,-,-,-,-,-,-,-,-
17,2,5,-,-,-,-,-,-,-,-,-,-,-,-,-,-,-,-,-,-
18,2,5,-,-,-,-,-,-,-,-,-,-,-,-,-,-,-,-,-,-
19,5,-,-,-,-,-,-,-,-,-,-,-,-,-,-,-,-,-,-,-
20,2,5,-,-,-,-,-,-,-,-,-,-,-,-,-,-,-,-,-,-
21,2,5,-,-,-,-,-,-,-,-,-,-,-,-,-,-,-,-,-,-
22,2,5,-,-,-,-,-,-,-,-,-,-,-,-,-,-,-,-,-,-
23,1,4,2,5,-,-,-,-,-,-,-,-,-,-,-,-,-,-,-,-
24,2,5,-,-,-,-,-,-,-,-,-,-,-,-,-,-,-,-,-,-
25,2,-,-,-,-,-,-,-,-,-,-,-,-,-,-,-,-,-,-,-
26,1,2,5,-,-,-,-,-,-,-,-,-,-,-,-,-,-,-,-,-
27,1,2,5,-,-,-,-,-,-,-,-,-,-,-,-,-,-,-,-,-
28,1,2,5,-,-,-,-,-,-,-,-,-,-,-,-,-,-,-,-,-
29,2,5,-,-,-,-,-,-,-,-,-,-,-,-,-,-,-,-,-,-
30,2,5,-,-,-,-,-,-,-,-,-,-,-,-,-,-,-,-,-,-
31,-,-,-,-,-,-,-,-,-,-,-,-,-,-,-,-,-,-,-,-
32,-,-,-,-,-,-,-,-,-,-,-,-,-,-,-,-,-,-,-,-
33,2,5,-,-,-,-,-,-,-,-,-,-,-,-,-,-,-,-,-,-
34,1,2,5,-,-,-,-,-,-,-,-,-,-,-,-,-,-,-,-,-
35,2,5,-,-,-,-,-,-,-,-,-,-,-,-,-,-,-,-,-,-
36,2,-,-,-,-,-,-,-,-,-,-,-,-,-,-,-,-,-,-,-
37,2,5,-,-,-,-,-,-,-,-,-,-,-,-,-,-,-,-,-,-
38,2,5,-,-,-,-,-,-,-,-,-,-,-,-,-,-,-,-,-,-
39,2,5,-,-,-,-,-,-,-,-,-,-,-,-,-,-,-,-,-,-
40,1,2,5,-,-,-,-,-,-,-,-,-,-,-,-,-,-,-,-,-
41,-,-,-,-,-,-,-,-,-,-,-,-,-,-,-,-,-,-,-,-
42,2,5,-,-,-,-,-,-,-,-,-,-,-,-,-,-,-,-,-,-
43,2,5,-,-,-,-,-,-,-,-,-,-,-,-,-,-,-,-,-,-
44,2,5,-,-,-,-,-,-,-,-,-,-,-,-,-,-,-,-,-,-
45,2,5,-,-,-,-,-,-,-,-,-,-,-,-,-,-,-,-,-,-
46,2,5,-,-,-,-,-,-,-,-,-,-,-,-,-,-,-,-,-,-
47,2,5,-,-,-,-,-,-,-,-,-,-,-,-,-,-,-,-,-,-
48,1,4,2,5,-,-,-,-,-,-,-,-,-,-,-,-,-,-,-,-
49,1,2,5,-,-,-,-,-,-,-,-,-,-,-,-,-,-,-,-,-
50,1,6,2,5,-,-,-,-,-,-,-,-,-,-,-,-,-,-,-,-
51,1,2,5,-,-,-,-,-,-,-,-,-,-,-,-,-,-,-,-,-
52,5,-,-,-,-,-,-,-,-,-,-,-,-,-,-,-,-,-,-,-
53,1,2,5,-,-,-,-,-,-,-,-,-,-,-,-,-,-,-,-,-
54,5,-,-,-,-,-,-,-,-,-,-,-,-,-,-,-,-,-,-,-
55,5,-,-,-,-,-,-,-,-,-,-,-,-,-,-,-,-,-,-,-
56,1,6,2,5,-,-,-,-,-,-,-,-,-,-,-,-,-,-,-,-
57,1,2,5,-,-,-,-,-,-,-,-,-,-,-,-,-,-,-,-,-
58,1,2,5,-,-,-,-,-,-,-,-,-,-,-,-,-,-,-,-,-
59,-,-,-,-,-,-,-,-,-,-,-,-,-,-,-,-,-,-,-,-
60,2,5,-,-,-,-,-,-,-,-,-,-,-,-,-,-,-,-,-,-
61,4,2,5,-,-,-,-,-,-,-,-,-,-,-,-,-,-,-,-,-
62,1,2,5,-,-,-,-,-,-,-,-,-,-,-,-,-,-,-,-,-
63,-,-,-,-,-,-,-,-,-,-,-,-,-,-,-,-,-,-,-,-
64,1,2,5,-,-,-,-,-,-,-,-,-,-,-,-,-,-,-,-,-
65,6,2,-,-,-,-,-,-,-,-,-,-,-,-,-,-,-,-,-,-
66,1,6,2,5,-,-,-,-,-,-,-,-,-,-,-,-,-,-,-,-
67,1,2,5,-,-,-,-,-,-,-,-,-,-,-,-,-,-,-,-,-
68,-,-,-,-,-,-,-,-,-,-,-,-,-,-,-,-,-,-,-,-
69,1,2,5,-,-,-,-,-,-,-,-,-,-,-,-,-,-,-,-,-
70,-,-,-,-,-,-,-,-,-,-,-,-,-,-,-,-,-,-,-,-
71,5,-,-,-,-,-,-,-,-,-,-,-,-,-,-,-,-,-,-,-
72,-,-,-,-,-,-,-,-,-,-,-,-,-,-,-,-,-,-,-,-
73,5,-,-,-,-,-,-,-,-,-,-,-,-,-,-,-,-,-,-,-
74,5,-,-,-,-,-,-,-,-,-,-,-,-,-,-,-,-,-,-,-
75,1,2,5,-,-,-,-,-,-,-,-,-,-,-,-,-,-,-,-,-
76,-,-,-,-,-,-,-,-,-,-,-,-,-,-,-,-,-,-,-,-
77,1,2,5,-,-,-,-,-,-,-,-,-,-,-,-,-,-,-,-,-
78,1,2,5,-,-,-,-,-,-,-,-,-,-,-,-,-,-,-,-,-
79,1,2,5,-,-,-,-,-,-,-,-,-,-,-,-,-,-,-,-,-
80,-,-,-,-,-,-,-,-,-,-,-,-,-,-,-,-,-,-,-,-
81,1,4,2,5,-,-,-,-,-,-,-,-,-,-,-,-,-,-,-,-
82,5,-,-,-,-,-,-,-,-,-,-,-,-,-,-,-,-,-,-,-
83,2,5,-,-,-,-,-,-,-,-,-,-,-,-,-,-,-,-,-,-
84,1,4,2,5,-,-,-,-,-,-,-,-,-,-,-,-,-,-,-,-
85,2,5,-,-,-,-,-,-,-,-,-,-,-,-,-,-,-,-,-,-
86,1,2,5,-,-,-,-,-,-,-,-,-,-,-,-,-,-,-,-,-
87,1,2,5,-,-,-,-,-,-,-,-,-,-,-,-,-,-,-,-,-
88,2,5,-,-,-,-,-,-,-,-,-,-,-,-,-,-,-,-,-,-
89,2,5,-,-,-,-,-,-,-,-,-,-,-,-,-,-,-,-,-,-
90,1,2,5,-,-,-,-,-,-,-,-,-,-,-,-,-,-,-,-,-
91,-,-,-,-,-,-,-,-,-,-,-,-,-,-,-,-,-,-,-,-
92,1,2,5,-,-,-,-,-,-,-,-,-,-,-,-,-,-,-,-,-
93,1,2,5,-,-,-,-,-,-,-,-,-,-,-,-,-,-,-,-,-
94,5,-,-,-,-,-,-,-,-,-,-,-,-,-,-,-,-,-,-,-
95,2,5,-,-,-,-,-,-,-,-,-,-,-,-,-,-,-,-,-,-
96,5,-,-,-,-,-,-,-,-,-,-,-,-,-,-,-,-,-,-,-
97,1,2,5,-,-,-,-,-,-,-,-,-,-,-,-,-,-,-,-,-
98,5,-,-,-,-,-,-,-,-,-,-,-,-,-,-,-,-,-,-,-
99,1,2,5,-,-,-,-,-,-,-,-,-,-,-,-,-,-,-,-,-
100,5,-,-,-,-,-,-,-,-,-,-,-,-,-,-,-,-,-,-,-
101,1,4,2,5,-,-,-,-,-,-,-,-,-,-,-,-,-,-,-,-
102,5,-,-,-,-,-,-,-,-,-,-,-,-,-,-,-,-,-,-,-
103,5,-,-,-,-,-,-,-,-,-,-,-,-,-,-,-,-,-,-,-
104,2,5,-,-,-,-,-,-,-,-,-,-,-,-,-,-,-,-,-,-
105,5,-,-,-,-,-,-,-,-,-,-,-,-,-,-,-,-,-,-,-
106,1,2,5,-,-,-,-,-,-,-,-,-,-,-,-,-,-,-,-,-
107,1,2,5,-,-,-,-,-,-,-,-,-,-,-,-,-,-,-,-,-
108,5,-,-,-,-,-,-,-,-,-,-,-,-,-,-,-,-,-,-,-
109,5,-,-,-,-,-,-,-,-,-,-,-,-,-,-,-,-,-,-,-
110,2,5,-,-,-,-,-,-,-,-,-,-,-,-,-,-,-,-,-,-
111,1,2,5,-,-,-,-,-,-,-,-,-,-,-,-,-,-,-,-,-
112,2,5,-,-,-,-,-,-,-,-,-,-,-,-,-,-,-,-,-,-
113,-,-,-,-,-,-,-,-,-,-,-,-,-,-,-,-,-,-,-,-
114,2,5,-,-,-,-,-,-,-,-,-,-,-,-,-,-,-,-,-,-
115,-,-,-,-,-,-,-,-,-,-,-,-,-,-,-,-,-,-,-,-
116,2,5,-,-,-,-,-,-,-,-,-,-,-,-,-,-,-,-,-,-
117,2,-,-,-,-,-,-,-,-,-,-,-,-,-,-,-,-,-,-,-
118,-,-,-,-,-,-,-,-,-,-,-,-,-,-,-,-,-,-,-,-
119,5,-,-,-,-,-,-,-,-,-,-,-,-,-,-,-,-,-,-,-
120,2,5,-,-,-,-,-,-,-,-,-,-,-,-,-,-,-,-,-,-
121,-,-,-,-,-,-,-,-,-,-,-,-,-,-,-,-,-,-,-,-
122,-,-,-,-,-,-,-,-,-,-,-,-,-,-,-,-,-,-,-,-
123,2,5,-,-,-,-,-,-,-,-,-,-,-,-,-,-,-,-,-,-
124,-,-,-,-,-,-,-,-,-,-,-,-,-,-,-,-,-,-,-,-
125,-,-,-,-,-,-,-,-,-,-,-,-,-,-,-,-,-,-,-,-
126,2,5,-,-,-,-,-,-,-,-,-,-,-,-,-,-,-,-,-,-
127,-,-,-,-,-,-,-,-,-,-,-,-,-,-,-,-,-,-,-,-
128,2,-,-,-,-,-,-,-,-,-,-,-,-,-,-,-,-,-,-,-
129,-,-,-,-,-,-,-,-,-,-,-,-,-,-,-,-,-,-,-,-
130,-,-,-,-,-,-,-,-,-,-,-,-,-,-,-,-,-,-,-,-
131,5,-,-,-,-,-,-,-,-,-,-,-,-,-,-,-,-,-,-,-
132,2,5,-,-,-,-,-,-,-,-,-,-,-,-,-,-,-,-,-,-
133,2,5,-,-,-,-,-,-,-,-,-,-,-,-,-,-,-,-,-,-
134,-,-,-,-,-,-,-,-,-,-,-,-,-,-,-,-,-,-,-,-
135,2,5,-,-,-,-,-,-,-,-,-,-,-,-,-,-,-,-,-,-
136,1,2,5,-,-,-,-,-,-,-,-,-,-,-,-,-,-,-,-,-
137,-,-,-,-,-,-,-,-,-,-,-,-,-,-,-,-,-,-,-,-
138,-,-,-,-,-,-,-,-,-,-,-,-,-,-,-,-,-,-,-,-
139,-,-,-,-,-,-,-,-,-,-,-,-,-,-,-,-,-,-,-,-
140,-,-,-,-,-,-,-,-,-,-,-,-,-,-,-,-,-,-,-,-
141,-,-,-,-,-,-,-,-,-,-,-,-,-,-,-,-,-,-,-,-
142,-,-,-,-,-,-,-,-,-,-,-,-,-,-,-,-,-,-,-,-
143,-,-,-,-,-,-,-,-,-,-,-,-,-,-,-,-,-,-,-,-
144,-,-,-,-,-,-,-,-,-,-,-,-,-,-,-,-,-,-,-,-
145,-,-,-,-,-,-,-,-,-,-,-,-,-,-,-,-,-,-,-,-
146,-,-,-,-,-,-,-,-,-,-,-,-,-,-,-,-,-,-,-,-
147,-,-,-,-,-,-,-,-,-,-,-,-,-,-,-,-,-,-,-,-
148,-,-,-,-,-,-,-,-,-,-,-,-,-,-,-,-,-,-,-,-
149,-,-,-,-,-,-,-,-,-,-,-,-,-,-,-,-,-,-,-,-
150,-,-,-,-,-,-,-,-,-,-,-,-,-,-,-,-,-,-,-,-
151,-,-,-,-,-,-,-,-,-,-,-,-,-,-,-,-,-,-,-,-
152,-,-,-,-,-,-,-,-,-,-,-,-,-,-,-,-,-,-,-,-
153,-,-,-,-,-,-,-,-,-,-,-,-,-,-,-,-,-,-,-,-
154,-,-,-,-,-,-,-,-,-,-,-,-,-,-,-,-,-,-,-,-
155,-,-,-,-,-,-,-,-,-,-,-,-,-,-,-,-,-,-,-,-
156,-,-,-,-,-,-,-,-,-,-,-,-,-,-,-,-,-,-,-,-
157,-,-,-,-,-,-,-,-,-,-,-,-,-,-,-,-,-,-,-,-
158,-,-,-,-,-,-,-,-,-,-,-,-,-,-,-,-,-,-,-,-
159,-,-,-,-,-,-,-,-,-,-,-,-,-,-,-,-,-,-,-,-
160,-,-,-,-,-,-,-,-,-,-,-,-,-,-,-,-,-,-,-,-
161,-,-,-,-,-,-,-,-,-,-,-,-,-,-,-,-,-,-,-,-
162,-,-,-,-,-,-,-,-,-,-,-,-,-,-,-,-,-,-,-,-
163,-,-,-,-,-,-,-,-,-,-,-,-,-,-,-,-,-,-,-,-
164,-,-,-,-,-,-,-,-,-,-,-,-,-,-,-,-,-,-,-,-
165,-,-,-,-,-,-,-,-,-,-,-,-,-,-,-,-,-,-,-,-
166,-,-,-,-,-,-,-,-,-,-,-,-,-,-,-,-,-,-,-,-
167,-,-,-,-,-,-,-,-,-,-,-,-,-,-,-,-,-,-,-,-
168,-,-,-,-,-,-,-,-,-,-,-,-,-,-,-,-,-,-,-,-
169,-,-,-,-,-,-,-,-,-,-,-,-,-,-,-,-,-,-,-,-
170,-,-,-,-,-,-,-,-,-,-,-,-,-,-,-,-,-,-,-,-
171,-,-,-,-,-,-,-,-,-,-,-,-,-,-,-,-,-,-,-,-
172,-,-,-,-,-,-,-,-,-,-,-,-,-,-,-,-,-,-,-,-
173,-,-,-,-,-,-,-,-,-,-,-,-,-,-,-,-,-,-,-,-
174,-,-,-,-,-,-,-,-,-,-,-,-,-,-,-,-,-,-,-,-
175,-,-,-,-,-,-,-,-,-,-,-,-,-,-,-,-,-,-,-,-
176,-,-,-,-,-,-,-,-,-,-,-,-,-,-,-,-,-,-,-,-
177,-,-,-,-,-,-,-,-,-,-,-,-,-,-,-,-,-,-,-,-
178,-,-,-,-,-,-,-,-,-,-,-,-,-,-,-,-,-,-,-,-
179,-,-,-,-,-,-,-,-,-,-,-,-,-,-,-,-,-,-,-,-
180,-,-,-,-,-,-,-,-,-,-,-,-,-,-,-,-,-,-,-,-
181,-,-,-,-,-,-,-,-,-,-,-,-,-,-,-,-,-,-,-,-
182,-,-,-,-,-,-,-,-,-,-,-,-,-,-,-,-,-,-,-,-
183,-,-,-,-,-,-,-,-,-,-,-,-,-,-,-,-,-,-,-,-
184,-,-,-,-,-,-,-,-,-,-,-,-,-,-,-,-,-,-,-,-
185,-,-,-,-,-,-,-,-,-,-,-,-,-,-,-,-,-,-,-,-
186,-,-,-,-,-,-,-,-,-,-,-,-,-,-,-,-,-,-,-,-
187,-,-,-,-,-,-,-,-,-,-,-,-,-,-,-,-,-,-,-,-
188,-,-,-,-,-,-,-,-,-,-,-,-,-,-,-,-,-,-,-,-
189,-,-,-,-,-,-,-,-,-,-,-,-,-,-,-,-,-,-,-,-
190,-,-,-,-,-,-,-,-,-,-,-,-,-,-,-,-,-,-,-,-
191,-,-,-,-,-,-,-,-,-,-,-,-,-,-,-,-,-,-,-,-
192,-,-,-,-,-,-,-,-,-,-,-,-,-,-,-,-,-,-,-,-
193,-,-,-,-,-,-,-,-,-,-,-,-,-,-,-,-,-,-,-,-
194,-,-,-,-,-,-,-,-,-,-,-,-,-,-,-,-,-,-,-,-
195,-,-,-,-,-,-,-,-,-,-,-,-,-,-,-,-,-,-,-,-
196,-,-,-,-,-,-,-,-,-,-,-,-,-,-,-,-,-,-,-,-
197,-,-,-,-,-,-,-,-,-,-,-,-,-,-,-,-,-,-,-,-
198,-,-,-,-,-,-,-,-,-,-,-,-,-,-,-,-,-,-,-,-
199,-,-,-,-,-,-,-,-,-,-,-,-,-,-,-,-,-,-,-,-
200,6,4,2,-,-,-,-,-,-,-,-,-,-,-,-,-,-,-,-,-
201,2,-,-,-,-,-,-,-,-,-,-,-,-,-,-,-,-,-,-,-
202,2,-,-,-,-,-,-,-,-,-,-,-,-,-,-,-,-,-,-,-
203,2,-,-,-,-,-,-,-,-,-,-,-,-,-,-,-,-,-,-,-
204,2,-,-,-,-,-,-,-,-,-,-,-,-,-,-,-,-,-,-,-
205,2,-,-,-,-,-,-,-,-,-,-,-,-,-,-,-,-,-,-,-
206,-,-,-,-,-,-,-,-,-,-,-,-,-,-,-,-,-,-,-,-
207,2,-,-,-,-,-,-,-,-,-,-,-,-,-,-,-,-,-,-,-
208,2,-,-,-,-,-,-,-,-,-,-,-,-,-,-,-,-,-,-,-
209,2,-,-,-,-,-,-,-,-,-,-,-,-,-,-,-,-,-,-,-
210,2,-,-,-,-,-,-,-,-,-,-,-,-,-,-,-,-,-,-,-
211,2,-,-,-,-,-,-,-,-,-,-,-,-,-,-,-,-,-,-,-
212,2,-,-,-,-,-,-,-,-,-,-,-,-,-,-,-,-,-,-,-
213,6,4,2,-,-,-,-,-,-,-,-,-,-,-,-,-,-,-,-,-
214,4,2,-,-,-,-,-,-,-,-,-,-,-,-,-,-,-,-,-,-
215,2,-,-,-,-,-,-,-,-,-,-,-,-,-,-,-,-,-,-,-
216,2,-,-,-,-,-,-,-,-,-,-,-,-,-,-,-,-,-,-,-
217,2,-,-,-,-,-,-,-,-,-,-,-,-,-,-,-,-,-,-,-
218,2,-,-,-,-,-,-,-,-,-,-,-,-,-,-,-,-,-,-,-
219,-,-,-,-,-,-,-,-,-,-,-,-,-,-,-,-,-,-,-,-
220,2,-,-,-,-,-,-,-,-,-,-,-,-,-,-,-,-,-,-,-
221,2,-,-,-,-,-,-,-,-,-,-,-,-,-,-,-,-,-,-,-
222,2,-,-,-,-,-,-,-,-,-,-,-,-,-,-,-,-,-,-,-
223,4,2,-,-,-,-,-,-,-,-,-,-,-,-,-,-,-,-,-,-
224,2,-,-,-,-,-,-,-,-,-,-,-,-,-,-,-,-,-,-,-
225,2,-,-,-,-,-,-,-,-,-,-,-,-,-,-,-,-,-,-,-
226,2,-,-,-,-,-,-,-,-,-,-,-,-,-,-,-,-,-,-,-
227,2,-,-,-,-,-,-,-,-,-,-,-,-,-,-,-,-,-,-,-
228,2,-,-,-,-,-,-,-,-,-,-,-,-,-,-,-,-,-,-,-
229,2,-,-,-,-,-,-,-,-,-,-,-,-,-,-,-,-,-,-,-
230,2,-,-,-,-,-,-,-,-,-,-,-,-,-,-,-,-,-,-,-
231,-,-,-,-,-,-,-,-,-,-,-,-,-,-,-,-,-,-,-,-
232,-,-,-,-,-,-,-,-,-,-,-,-,-,-,-,-,-,-,-,-
233,2,-,-,-,-,-,-,-,-,-,-,-,-,-,-,-,-,-,-,-
234,2,-,-,-,-,-,-,-,-,-,-,-,-,-,-,-,-,-,-,-
235,2,-,-,-,-,-,-,-,-,-,-,-,-,-,-,-,-,-,-,-
236,2,-,-,-,-,-,-,-,-,-,-,-,-,-,-,-,-,-,-,-
237,2,-,-,-,-,-,-,-,-,-,-,-,-,-,-,-,-,-,-,-
238,2,-,-,-,-,-,-,-,-,-,-,-,-,-,-,-,-,-,-,-
239,2,-,-,-,-,-,-,-,-,-,-,-,-,-,-,-,-,-,-,-
240,2,-,-,-,-,-,-,-,-,-,-,-,-,-,-,-,-,-,-,-
241,-,-,-,-,-,-,-,-,-,-,-,-,-,-,-,-,-,-,-,-
242,2,-,-,-,-,-,-,-,-,-,-,-,-,-,-,-,-,-,-,-
243,2,-,-,-,-,-,-,-,-,-,-,-,-,-,-,-,-,-,-,-
244,2,-,-,-,-,-,-,-,-,-,-,-,-,-,-,-,-,-,-,-
245,2,-,-,-,-,-,-,-,-,-,-,-,-,-,-,-,-,-,-,-
246,2,-,-,-,-,-,-,-,-,-,-,-,-,-,-,-,-,-,-,-
247,2,-,-,-,-,-,-,-,-,-,-,-,-,-,-,-,-,-,-,-
248,4,2,5,-,-,-,-,-,-,-,-,-,-,-,-,-,-,-,-,-
249,2,5,-,-,-,-,-,-,-,-,-,-,-,-,-,-,-,-,-,-
250,-,-,-,-,-,-,-,-,-,-,-,-,-,-,-,-,-,-,-,-
251,2,5,-,-,-,-,-,-,-,-,-,-,-,-,-,-,-,-,-,-
252,5,-,-,-,-,-,-,-,-,-,-,-,-,-,-,-,-,-,-,-
253,2,5,-,-,-,-,-,-,-,-,-,-,-,-,-,-,-,-,-,-
254,5,-,-,-,-,-,-,-,-,-,-,-,-,-,-,-,-,-,-,-
255,5,-,-,-,-,-,-,-,-,-,-,-,-,-,-,-,-,-,-,-
256,6,2,5,-,-,-,-,-,-,-,-,-,-,-,-,-,-,-,-,-
257,2,5,-,-,-,-,-,-,-,-,-,-,-,-,-,-,-,-,-,-
258,2,5,-,-,-,-,-,-,-,-,-,-,-,-,-,-,-,-,-,-
259,-,-,-,-,-,-,-,-,-,-,-,-,-,-,-,-,-,-,-,-
260,2,5,-,-,-,-,-,-,-,-,-,-,-,-,-,-,-,-,-,-
261,4,2,5,-,-,-,-,-,-,-,-,-,-,-,-,-,-,-,-,-
262,2,5,-,-,-,-,-,-,-,-,-,-,-,-,-,-,-,-,-,-
263,-,-,-,-,-,-,-,-,-,-,-,-,-,-,-,-,-,-,-,-
264,2,5,-,-,-,-,-,-,-,-,-,-,-,-,-,-,-,-,-,-
265,6,2,-,-,-,-,-,-,-,-,-,-,-,-,-,-,-,-,-,-
266,5,-,-,-,-,-,-,-,-,-,-,-,-,-,-,-,-,-,-,-
267,2,5,-,-,-,-,-,-,-,-,-,-,-,-,-,-,-,-,-,-
268,-,-,-,-,-,-,-,-,-,-,-,-,-,-,-,-,-,-,-,-
269,2,5,-,-,-,-,-,-,-,-,-,-,-,-,-,-,-,-,-,-
270,-,-,-,-,-,-,-,-,-,-,-,-,-,-,-,-,-,-,-,-
271,5,-,-,-,-,-,-,-,-,-,-,-,-,-,-,-,-,-,-,-
272,-,-,-,-,-,-,-,-,-,-,-,-,-,-,-,-,-,-,-,-
273,5,-,-,-,-,-,-,-,-,-,-,-,-,-,-,-,-,-,-,-
274,5,-,-,-,-,-,-,-,-,-,-,-,-,-,-,-,-,-,-,-
275,2,5,-,-,-,-,-,-,-,-,-,-,-,-,-,-,-,-,-,-
276,-,-,-,-,-,-,-,-,-,-,-,-,-,-,-,-,-,-,-,-
277,2,5,-,-,-,-,-,-,-,-,-,-,-,-,-,-,-,-,-,-
278,2,5,-,-,-,-,-,-,-,-,-,-,-,-,-,-,-,-,-,-
279,2,5,-,-,-,-,-,-,-,-,-,-,-,-,-,-,-,-,-,-
280,-,-,-,-,-,-,-,-,-,-,-,-,-,-,-,-,-,-,-,-
281,4,2,5,-,-,-,-,-,-,-,-,-,-,-,-,-,-,-,-,-
282,5,-,-,-,-,-,-,-,-,-,-,-,-,-,-,-,-,-,-,-
283,2,5,-,-,-,-,-,-,-,-,-,-,-,-,-,-,-,-,-,-
284,4,2,5,-,-,-,-,-,-,-,-,-,-,-,-,-,-,-,-,-
285,2,5,-,-,-,-,-,-,-,-,-,-,-,-,-,-,-,-,-,-
286,2,5,-,-,-,-,-,-,-,-,-,-,-,-,-,-,-,-,-,-
287,2,5,-,-,-,-,-,-,-,-,-,-,-,-,-,-,-,-,-,-
288,2,5,-,-,-,-,-,-,-,-,-,-,-,-,-,-,-,-,-,-
289,2,5,-,-,-,-,-,-,-,-,-,-,-,-,-,-,-,-,-,-
290,2,5,-,-,-,-,-,-,-,-,-,-,-,-,-,-,-,-,-,-
291,-,-,-,-,-,-,-,-,-,-,-,-,-,-,-,-,-,-,-,-
292,2,5,-,-,-,-,-,-,-,-,-,-,-,-,-,-,-,-,-,-
293,2,5,-,-,-,-,-,-,-,-,-,-,-,-,-,-,-,-,-,-
294,5,-,-,-,-,-,-,-,-,-,-,-,-,-,-,-,-,-,-,-
295,2,5,-,-,-,-,-,-,-,-,-,-,-,-,-,-,-,-,-,-
296,5,-,-,-,-,-,-,-,-,-,-,-,-,-,-,-,-,-,-,-
297,2,5,-,-,-,-,-,-,-,-,-,-,-,-,-,-,-,-,-,-
298,5,-,-,-,-,-,-,-,-,-,-,-,-,-,-,-,-,-,-,-
299,2,5,-,-,-,-,-,-,-,-,-,-,-,-,-,-,-,-,-,-
300,5,-,-,-,-,-,-,-,-,-,-,-,-,-,-,-,-,-,-,-
301,4,2,5,-,-,-,-,-,-,-,-,-,-,-,-,-,-,-,-,-
302,5,-,-,-,-,-,-,-,-,-,-,-,-,-,-,-,-,-,-,-
303,5,-,-,-,-,-,-,-,-,-,-,-,-,-,-,-,-,-,-,-
304,2,5,-,-,-,-,-,-,-,-,-,-,-,-,-,-,-,-,-,-
305,5,-,-,-,-,-,-,-,-,-,-,-,-,-,-,-,-,-,-,-
306,2,5,-,-,-,-,-,-,-,-,-,-,-,-,-,-,-,-,-,-
307,2,5,-,-,-,-,-,-,-,-,-,-,-,-,-,-,-,-,-,-
308,5,-,-,-,-,-,-,-,-,-,-,-,-,-,-,-,-,-,-,-
309,5,-,-,-,-,-,-,-,-,-,-,-,-,-,-,-,-,-,-,-
310,2,5,-,-,-,-,-,-,-,-,-,-,-,-,-,-,-,-,-,-
311,2,5,-,-,-,-,-,-,-,-,-,-,-,-,-,-,-,-,-,-
312,2,5,-,-,-,-,-,-,-,-,-,-,-,-,-,-,-,-,-,-
313,-,-,-,-,-,-,-,-,-,-,-,-,-,-,-,-,-,-,-,-
314,2,5,-,-,-,-,-,-,-,-,-,-,-,-,-,-,-,-,-,-
315,-,-,-,-,-,-,-,-,-,-,-,-,-,-,-,-,-,-,-,-
316,2,5,-,-,-,-,-,-,-,-,-,-,-,-,-,-,-,-,-,-
317,2,-,-,-,-,-,-,-,-,-,-,-,-,-,-,-,-,-,-,-
318,-,-,-,-,-,-,-,-,-,-,-,-,-,-,-,-,-,-,-,-
319,5,-,-,-,-,-,-,-,-,-,-,-,-,-,-,-,-,-,-,-
320,2,5,-,-,-,-,-,-,-,-,-,-,-,-,-,-,-,-,-,-
321,-,-,-,-,-,-,-,-,-,-,-,-,-,-,-,-,-,-,-,-
322,-,-,-,-,-,-,-,-,-,-,-,-,-,-,-,-,-,-,-,-
323,2,5,-,-,-,-,-,-,-,-,-,-,-,-,-,-,-,-,-,-
324,-,-,-,-,-,-,-,-,-,-,-,-,-,-,-,-,-,-,-,-
325,-,-,-,-,-,-,-,-,-,-,-,-,-,-,-,-,-,-,-,-
326,2,5,-,-,-,-,-,-,-,-,-,-,-,-,-,-,-,-,-,-
327,-,-,-,-,-,-,-,-,-,-,-,-,-,-,-,-,-,-,-,-
328,2,-,-,-,-,-,-,-,-,-,-,-,-,-,-,-,-,-,-,-
329,-,-,-,-,-,-,-,-,-,-,-,-,-,-,-,-,-,-,-,-
330,-,-,-,-,-,-,-,-,-,-,-,-,-,-,-,-,-,-,-,-
331,5,-,-,-,-,-,-,-,-,-,-,-,-,-,-,-,-,-,-,-
332,2,5,-,-,-,-,-,-,-,-,-,-,-,-,-,-,-,-,-,-
333,2,5,-,-,-,-,-,-,-,-,-,-,-,-,-,-,-,-,-,-
334,-,-,-,-,-,-,-,-,-,-,-,-,-,-,-,-,-,-,-,-
335,2,5,-,-,-,-,-,-,-,-,-,-,-,-,-,-,-,-,-,-
336,2,5,-,-,-,-,-,-,-,-,-,-,-,-,-,-,-,-,-,-
337,-,-,-,-,-,-,-,-,-,-,-,-,-,-,-,-,-,-,-,-
338,-,-,-,-,-,-,-,-,-,-,-,-,-,-,-,-,-,-,-,-
339,-,-,-,-,-,-,-,-,-,-,-,-,-,-,-,-,-,-,-,-
340,-,-,-,-,-,-,-,-,-,-,-,-,-,-,-,-,-,-,-,-
341,-,-,-,-,-,-,-,-,-,-,-,-,-,-,-,-,-,-,-,-
342,-,-,-,-,-,-,-,-,-,-,-,-,-,-,-,-,-,-,-,-
343,-,-,-,-,-,-,-,-,-,-,-,-,-,-,-,-,-,-,-,-
344,-,-,-,-,-,-,-,-,-,-,-,-,-,-,-,-,-,-,-,-
345,-,-,-,-,-,-,-,-,-,-,-,-,-,-,-,-,-,-,-,-
346,-,-,-,-,-,-,-,-,-,-,-,-,-,-,-,-,-,-,-,-
347,-,-,-,-,-,-,-,-,-,-,-,-,-,-,-,-,-,-,-,-
348,-,-,-,-,-,-,-,-,-,-,-,-,-,-,-,-,-,-,-,-
349,-,-,-,-,-,-,-,-,-,-,-,-,-,-,-,-,-,-,-,-
350,-,-,-,-,-,-,-,-,-,-,-,-,-,-,-,-,-,-,-,-
351,-,-,-,-,-,-,-,-,-,-,-,-,-,-,-,-,-,-,-,-
352,-,-,-,-,-,-,-,-,-,-,-,-,-,-,-,-,-,-,-,-
353,-,-,-,-,-,-,-,-,-,-,-,-,-,-,-,-,-,-,-,-
354,-,-,-,-,-,-,-,-,-,-,-,-,-,-,-,-,-,-,-,-
355,-,-,-,-,-,-,-,-,-,-,-,-,-,-,-,-,-,-,-,-
356,-,-,-,-,-,-,-,-,-,-,-,-,-,-,-,-,-,-,-,-
357,-,-,-,-,-,-,-,-,-,-,-,-,-,-,-,-,-,-,-,-
358,-,-,-,-,-,-,-,-,-,-,-,-,-,-,-,-,-,-,-,-
359,-,-,-,-,-,-,-,-,-,-,-,-,-,-,-,-,-,-,-,-
360,-,-,-,-,-,-,-,-,-,-,-,-,-,-,-,-,-,-,-,-
361,-,-,-,-,-,-,-,-,-,-,-,-,-,-,-,-,-,-,-,-
362,-,-,-,-,-,-,-,-,-,-,-,-,-,-,-,-,-,-,-,-
363,-,-,-,-,-,-,-,-,-,-,-,-,-,-,-,-,-,-,-,-
364,-,-,-,-,-,-,-,-,-,-,-,-,-,-,-,-,-,-,-,-
365,-,-,-,-,-,-,-,-,-,-,-,-,-,-,-,-,-,-,-,-
366,-,-,-,-,-,-,-,-,-,-,-,-,-,-,-,-,-,-,-,-
367,-,-,-,-,-,-,-,-,-,-,-,-,-,-,-,-,-,-,-,-
368,-,-,-,-,-,-,-,-,-,-,-,-,-,-,-,-,-,-,-,-
369,-,-,-,-,-,-,-,-,-,-,-,-,-,-,-,-,-,-,-,-
370,-,-,-,-,-,-,-,-,-,-,-,-,-,-,-,-,-,-,-,-
371,-,-,-,-,-,-,-,-,-,-,-,-,-,-,-,-,-,-,-,-
372,-,-,-,-,-,-,-,-,-,-,-,-,-,-,-,-,-,-,-,-
373,-,-,-,-,-,-,-,-,-,-,-,-,-,-,-,-,-,-,-,-
374,-,-,-,-,-,-,-,-,-,-,-,-,-,-,-,-,-,-,-,-
375,-,-,-,-,-,-,-,-,-,-,-,-,-,-,-,-,-,-,-,-
376,-,-,-,-,-,-,-,-,-,-,-,-,-,-,-,-,-,-,-,-
377,-,-,-,-,-,-,-,-,-,-,-,-,-,-,-,-,-,-,-,-
378,-,-,-,-,-,-,-,-,-,-,-,-,-,-,-,-,-,-,-,-
379,-,-,-,-,-,-,-,-,-,-,-,-,-,-,-,-,-,-,-,-
380,-,-,-,-,-,-,-,-,-,-,-,-,-,-,-,-,-,-,-,-
381,-,-,-,-,-,-,-,-,-,-,-,-,-,-,-,-,-,-,-,-
382,-,-,-,-,-,-,-,-,-,-,-,-,-,-,-,-,-,-,-,-
383,-,-,-,-,-,-,-,-,-,-,-,-,-,-,-,-,-,-,-,-
384,-,-,-,-,-,-,-,-,-,-,-,-,-,-,-,-,-,-,-,-
385,-,-,-,-,-,-,-,-,-,-,-,-,-,-,-,-,-,-,-,-
386,-,-,-,-,-,-,-,-,-,-,-,-,-,-,-,-,-,-,-,-
387,-,-,-,-,-,-,-,-,-,-,-,-,-,-,-,-,-,-,-,-
388,-,-,-,-,-,-,-,-,-,-,-,-,-,-,-,-,-,-,-,-
389,-,-,-,-,-,-,-,-,-,-,-,-,-,-,-,-,-,-,-,-
390,-,-,-,-,-,-,-,-,-,-,-,-,-,-,-,-,-,-,-,-
391,-,-,-,-,-,-,-,-,-,-,-,-,-,-,-,-,-,-,-,-
392,-,-,-,-,-,-,-,-,-,-,-,-,-,-,-,-,-,-,-,-
393,-,-,-,-,-,-,-,-,-,-,-,-,-,-,-,-,-,-,-,-
394,-,-,-,-,-,-,-,-,-,-,-,-,-,-,-,-,-,-,-,-
395,-,-,-,-,-,-,-,-,-,-,-,-,-,-,-,-,-,-,-,-
396,-,-,-,-,-,-,-,-,-,-,-,-,-,-,-,-,-,-,-,-
397,-,-,-,-,-,-,-,-,-,-,-,-,-,-,-,-,-,-,-,-
398,-,-,-,-,-,-,-,-,-,-,-,-,-,-,-,-,-,-,-,-
399,-,-,-,-,-,-,-,-,-,-,-,-,-,-,-,-,-,-,-,-
400,,,,,,,,,,,,,,,,,,,,